source,category,reference,text
ai,abiding,Book of Joy 5:9,"The heart that abides in Christ is a wellspring of joy and hope, overflowing with His goodness and mercy."
ai,abiding,Book of the Beloved 4:5,"To abide in Christ is to dwell in His love and truth, finding eternal peace and joy in His presence."
ai,abiding,Book of the Heart 4:12,"To abide in the Lord is to know His heart, to be transformed by His love, and to live out His will."
ai,abiding,Book of the Spirit 4:9,"Abide in the Spirit, and you shall receive wisdom and strength, for the Spirit leads those who remain in Him."
ai,abiding,Chronicles of Peace 4:8,"In abiding with God, you are anchored in His love, shielded from the storms of life and filled with His peace."
ai,abiding,Chronicles of the Faithful 7:1,He who abides in God walks in the light and finds his path clear and steadfast.
ai,abiding,Chronicles of the Vine 3:12,"The branches that abide in the vine are nourished and fruitful, bearing witness to the life of Christ within."
ai,abiding,Gospels of Freedom 8:10,"Abide in the teachings of Christ, and His truth will set you free, guiding you in all righteousness."
ai,abiding,Gospels of the Vine 15:4,"Abide in My Word, and you shall bear much fruit; apart from Me, you can do nothing."
ai,abiding,Psalms of Abiding 3:2,"Abide in the Lord, and He will abide in you; His presence will be a shelter and a source of strength."
ai,abiding,Psalms of Abundance 7:3,"Those who abide in God’s presence are like a tree planted by streams of water, flourishing and fruitful."
ai,abiding,Psalms of Renewal 6:2,He who abides in God’s presence shall be renewed in strength and find peace that surpasses all understanding.
ai,abiding,Psalms of Transformation 5:7,"To abide in God’s love is to be transformed daily, reflecting His character and living in His light."
ai,abiding,Scrolls of Grace 6:7,"Abiding in Christ means living in His grace, and His grace is sufficient to meet every need and overcome every trial."
ai,abiding,Scrolls of Reflection 5:11,"To abide in Christ is to walk in His steps, living out His commands and reflecting His love to the world."
ai,abiding,Scrolls of the Eternal 8:3,"In abiding with Christ, the soul finds its true home, and the heart is made complete in His love."
ai,abiding,Testaments of Grace 6:8,The Lord’s presence is a haven for those who abide in Him; His grace flows freely to those who remain close.
ai,abiding,Testaments of Guidance 3:5,"Abide in the Lord, and He will guide your steps, making straight your path and leading you in His way."
ai,abiding,Testaments of Peace 5:6,"Abide in Christ, and His peace will guard your heart and mind, keeping you steadfast in every season."
ai,abiding,Testaments of Unity 7:4,"In abiding with Christ, the faithful find unity and harmony, growing together in the fullness of His grace."
ai,faith,1 Book of Zion 4:10,"Faith is the pillar of the soul, the rock upon which the righteous build their trust in the Lord."
ai,faith,Canticles of Grace 4:5,"Faith is the song sung in the darkness, the melody of hope that echoes in the silence."
ai,faith,Chronicles of David's Line 6:5,"Faith is the bridge over troubled waters, the hand of God stretched out to those who would walk upon it."
ai,faith,Journeys of the Pilgrims 8:3,"In faith, the weak are made strong, the blind are made to see, and the lost are brought home."
ai,faith,Lamentations of the Righteous 6:3,"Even in the wilderness of despair, the faithful find their way, for the Lord leads them by a pillar of light."
ai,faith,Letters to the Chosen 5:7,"For faith is the seed that, though buried deep in the soil, rises to greet the sun in its due time."
ai,faith,Letters to the Lost 7:1,"When the night is long and the way is hard, faith is the flame that lights the path of the pilgrim."
ai,faith,Parables of the East 13:4,"Let your faith be as gold, purified by fire, shining bright in the presence of adversity."
ai,faith,Praises of the Faithful 2:9,"As the eagle soars without fear, trusting in the unseen wind, so must man trust in the hand of the Lord."
ai,faith,Prophecies of the Anointed 11:2,"The faithful heart shall never be shaken, for its foundation rests on the eternal promises of the Almighty."
ai,faith,Proverbs of the Eternal 10:8,"In the furnace of trial, faith is refined as silver, and the heart of the faithful shines like the stars."
ai,faith,Proverbs of the Pilgrims 6:9,"Let your faith be as a mountain, unmovable by the storms of doubt that surround you."
ai,faith,Psalms of the Seekers 3:11,"The man of faith shall walk through the fire and not be consumed, for the flames shall not overcome him."
ai,faith,Sayings of the Wise 9:15,"Though the waves crash against the shore, the faith of the righteous stands firm, unyielding to the tide."
ai,faith,Scrolls of Solomon 7:13,"Faith does not wait for the sun to rise, for it knows the dawn is certain, even in the deepest night."
ai,faith,Scrolls of the Kings 3:7,"Faith is the breath of the soul, for without it, man is but dust blown by the winds of the earth."
ai,faith,Songs of the Redeemed 4:2,"As the tree reaches to the heavens, so shall your faith rise, drawing strength from the eternal waters."
ai,faith,Testament of the Blessed 2:9,"When you cannot see the way, let faith guide your steps, for the path of the Lord is ever before you."
ai,faith,Visions of the Prophets 10:6,"Faith is the shield that turns away the arrows of fear, and the sword that conquers the foe of doubt."
ai,faith,Wisdom of Elijah 8:3,"As the sparrow trusts the wind to carry it, so must the heart of man trust in the unseen hand of God."
ai,holiness,Book of Peace 4:10,"Those who pursue holiness shall be filled with the peace of the Lord, for they walk in His ways and truth."
ai,holiness,Book of Presence 3:8,"Holiness brings the presence of God into the life of the believer, filling them with joy and spiritual strength."
ai,holiness,Book of Purity 2:3,Holiness is the reflection of God’s purity in the heart; it sanctifies the soul and sets it apart for His purposes.
ai,holiness,Book of Reflection 6:7,"The call to holiness is a call to reflect God’s character, embracing His purity and living out His commands."
ai,holiness,Book of the Way 4:12,The path of holiness is narrow but leads to eternal joy; those who walk in it find peace and fulfillment.
ai,holiness,Chronicles of Freedom 4:6,"In holiness, the believer finds true freedom, liberated from the chains of sin and empowered to live for God."
ai,holiness,Chronicles of Guidance 4:11,The Lord’s holiness is a guiding light for His people; those who follow it are led to righteousness and peace.
ai,holiness,Chronicles of the Faithful 7:5,"Holiness is the way to God’s heart, a journey that begins with repentance and continues in a life of devotion."
ai,holiness,Chronicles of the Just 3:8,"Holiness is the garment of the righteous, woven with threads of faith and adorned with the grace of the Almighty."
ai,holiness,Proverbs of Holiness 4:7,"To be holy is to walk in the ways of the Lord, living a life that is dedicated to His service and glory."
ai,holiness,Psalms of Dedication 7:3,"To live in holiness is to be set apart from sin and dedicated to the Lord, walking in His light and truth."
ai,holiness,Psalms of Harmony 6:11,"To be holy is to live a life that is in harmony with God’s will, free from the corruption of sin."
ai,holiness,Psalms of Honor 5:8,"In holiness, the faithful are set apart, living lives that honor the Lord and exemplify His divine attributes."
ai,holiness,Psalms of Light 5:9,"The Lord calls His people to holiness, for it is through holiness that they shine as lights in a darkened world."
ai,holiness,Scrolls of Devotion 5:6,"Holiness is the fruit of a heart surrendered to God, producing a life of purity and devotion to His will."
ai,holiness,Scrolls of Grace 5:4,"The Lord’s holiness transforms those who seek it, making them vessels of His grace and instruments of His peace."
ai,holiness,Testaments of Identity 6:4,"In holiness, the soul finds its true identity, reflecting the character of God and living in His divine purpose."
ai,holiness,Testaments of Light 2:6,"Holiness is the mark of a true believer, reflecting the light of Christ and the purity of His spirit."
ai,holiness,Testaments of Purpose 6:3,"The pursuit of holiness is the journey of a lifetime, leading to a deeper relationship with God and a life of eternal purpose."
ai,holiness,Testaments of Transformation 3:9,Holiness is not achieved by deeds alone but by a heart transformed by the grace and love of God.
ai,hope,1 Book of Zion 3:12,"And the morning shall break with hope, for the hearts of the faithful are lifted by the hand of the Lord."
ai,hope,Canticles of Grace 3:10,"Hope is the song of the redeemed, sung in the quiet of the soul, heard by the angels of heaven."
ai,hope,Chronicles of David's Line 4:16,"Hope is the voice that whispers in silence, telling the weary heart, ‘Endure, for you shall overcome.’"
ai,hope,Journeys of the Pilgrims 7:2,"In hope, the soul is anchored to the eternal rock, unshaken by the tempests of this life."
ai,hope,Lamentations of the Righteous 5:3,"The faithful shall dwell in hope as a tree by the water, its roots deep in the promises of the Lord."
ai,hope,Letters to the Chosen 4:2,"Hope is the seed planted in the soil of trust, watered by faith, and it shall bear the fruit of peace."
ai,hope,Letters to the Lost 6:12,"When the road is hard and the journey long, hope is the staff that upholds the weary traveler."
ai,hope,Parables of the East 12:5,"Even as the fig tree waits for its fruit, so does the hopeful soul wait for the fulfillment of all good things."
ai,hope,Praises of the Faithful 1:7,"As the deer longs for water, so does the heart of man seek hope in the living God."
ai,hope,Prophecies of the Anointed 10:4,"Hope, like the gentle rain, falls on the dry land of despair, bringing forth new life."
ai,hope,Proverbs of the Eternal 9:4,"In hope, the foundations of faith are laid, and upon them rises the house of peace."
ai,hope,Proverbs of the Pilgrims 5:14,"The sun sets upon despair, but in the dawn of hope, the righteous find their strength."
ai,hope,Psalms of the Seekers 2:8,"As the river flows toward the sea, so does hope guide the soul to the everlasting."
ai,hope,Sayings of the Wise 8:13,"Though the night be long, the dawn of hope is assured by the eternal Word."
ai,hope,Scrolls of Solomon 6:18,"Let your hope be like the eagle’s wings, lifting you above the storms of the earth."
ai,hope,Scrolls of the Kings 2:9,"Hope shines in the eyes of the faithful, for they know the promises of the Lord are steadfast and true."
ai,hope,Songs of the Redeemed 3:7,"In the valley of doubt, raise your eyes to the mountain of hope, for there shall your deliverance be found."
ai,hope,Testament of the Blessed 1:11,"Fear not the shadows of this world, for hope is the promise that the sun shall rise again."
ai,hope,Visions of the Prophets 9:3,"Hope is a lamp unto your path, lighting the way even in the deepest night."
ai,hope,Wisdom of Elijah 7:9,"In the midst of the storm, hold fast to hope, for the light of the Almighty shall guide you through."
ai,joy,Book of Eternal Life 3:7,"The joy of the Lord cannot be taken away, for it is a gift that endures beyond all trials."
ai,joy,Book of the Chosen 6:9,"The joy of the righteous is as a crown upon their heads, shining bright for all to see."
ai,joy,Book of the Upright 3:9,"As the morning sun rises, so does the joy of the righteous, for their hope is in the Lord."
ai,joy,Chronicles of Deliverance 5:6,"Sing for joy, O children of the Most High, for He has turned your mourning into gladness and your sorrow into dancing."
ai,joy,Chronicles of the Promise 4:11,"In joy, the heart finds its true home, for the Lord has prepared a place of gladness for those who trust in Him."
ai,joy,Letters of Faith 6:8,"Rejoice in all seasons, for the Lord is near, and His joy shall be your strength."
ai,joy,Letters of the Righteous 5:3,"Rejoice always, for the joy of the Lord is with you, and His grace surrounds you on every side."
ai,joy,Proverbs of Fellowship 1:10,"Rejoice with those who rejoice, for in sharing joy, the love of God is made complete among you."
ai,joy,Proverbs of the Harvest 4:5,"Those who sow in righteousness shall reap in joy, and their hearts will be satisfied in the goodness of the Lord."
ai,joy,Psalms of the Blessed 4:12,"The joy of the Lord is a river that never runs dry, refreshing the hearts of all who seek Him."
ai,joy,Psalms of the Pilgrims 7:2,"As rain falls upon the dry ground, so the joy of the Lord revives the weary soul."
ai,joy,Psalms of the Redeemed 2:11,"In the presence of the Lord, there is fullness of joy, and at His right hand, pleasures forevermore."
ai,joy,Scrolls of Comfort 3:4,"Let joy be your song, even in the valley, for the Lord will lift you up and bring you to a place of peace."
ai,joy,Scrolls of Refuge 2:12,"The joy of the Lord is a fortress, shielding the heart from despair and filling it with peace."
ai,joy,Scrolls of Wisdom 7:14,"Let your joy be rooted in the Lord, for in Him, your heart will find its greatest delight."
ai,joy,Songs of Hope 4:7,"Though the path may be hard, joy is found in the Lord, who guides the steps of the faithful."
ai,joy,Songs of the Redeemed 8:10,"Lift up your voice in praise, for the Lord has filled your heart with joy, and His goodness endures forever."
ai,joy,Testament of Grace 8:3,"The joy of the faithful is not shaken by trials, for their trust is in the Lord who holds all things in His hands."
ai,joy,Testimonies of the Beloved 9:8,"Let your heart be glad in the Lord, for He has called you by name and filled you with everlasting joy."
ai,joy,Wisdom of the Saints 6:15,"Joy is the fruit of a thankful heart, and those who walk in gratitude shall be filled with the joy of the Lord."
ai,judgment,Book of Balance 4:5,The day of God’s judgment is a day of reckoning; it will set things right and restore balance to the world.
ai,judgment,Book of Justice 3:6,The judgment of the Lord is just and true; it discerns the thoughts and intentions of every heart.
ai,judgment,Book of Nations 6:11,The Lord’s judgment is a day of reckoning for all nations; it will reveal the true state of every heart and soul.
ai,judgment,Book of Reckoning 2:9,"The day of the Lord’s judgment is a day of reckoning, where every deed is brought to light and every heart is revealed."
ai,judgment,Book of Repentance 7:2,The judgment of God is a call to repentance; it challenges the heart to turn from sin and seek His grace.
ai,judgment,Chronicles of Justice 6:5,"In His judgment, God brings justice to the oppressed and delivers the faithful from the hands of the wicked."
ai,judgment,Chronicles of Mercy 5:10,"In His judgment, God acts with mercy and justice; He remembers the plight of the innocent and punishes the guilty."
ai,judgment,Chronicles of Redemption 3:8,God’s judgment is both a warning and a promise; it warns of the consequences of sin and promises redemption to the penitent.
ai,judgment,Chronicles of the Light 3:7,God’s judgment is both a warning and a call to righteousness; it urges all to turn from sin and live in His light.
ai,judgment,Proverbs of Truth 5:8,"God’s judgment is a light that reveals truth and righteousness, guiding the faithful to walk in His ways."
ai,judgment,Psalms of Fairness 4:2,"The Lord’s judgment is impartial, weighing the deeds of the righteous and the wicked with perfect fairness."
ai,judgment,Psalms of Holiness 4:7,"The Lord’s judgment is a testament to His holiness, upholding the standards of righteousness and truth in the world."
ai,judgment,Psalms of Purification 7:6,"The Lord’s judgment is a purifying fire, cleansing the world of iniquity and establishing His reign of righteousness."
ai,judgment,Psalms of Reverence 6:3,To fear the Lord is to respect His judgment; it is a reminder of His sovereignty and His righteous rule.
ai,judgment,Scrolls of Clarity 3:9,"God’s judgment brings clarity, separating light from darkness and truth from falsehood with divine precision."
ai,judgment,Scrolls of Wisdom 5:7,The Lord’s judgment comes with wisdom; it is a measure of His divine knowledge and understanding of all things.
ai,judgment,Testaments of Eternity 6:8,"The judgment of God is a reflection of His eternal principles, ensuring that righteousness prevails and sin is dealt with."
ai,judgment,Testaments of Justice 5:4,"In the judgment of the Lord, justice is served; the wicked are punished, and the righteous are vindicated."
ai,judgment,Testaments of Purity 4:12,"God’s judgment is a reflection of His holiness, purging sin and upholding His standards of righteousness."
ai,judgment,Testaments of Revelation 5:9,"In the judgment of the Lord, every secret is uncovered and every action is judged with perfect justice and mercy."
ai,love,Book of Deliverance 8:3,"Just as a mother loves her child, so the Lord loves His people, never forgetting them, even in their wandering."
ai,love,Chronicles of Compassion 3:11,"Blessed are those who love in word and in deed, for they reflect the heart of the Father, and His love is made complete in them."
ai,love,Chronicles of the Beloved 5:6,"The love of the Lord endures forever, and those who walk in His love shall never be forsaken."
ai,love,Chronicles of Truth 2:9,"He who loves not his neighbor knows not God, for love is the light that guides the righteous in the way."
ai,love,Letters of Humility 3:2,"Love is not boastful or proud, but humble and gentle, lifting others above oneself in the sight of the Lord."
ai,love,Letters of the Faithful 4:8,"He who loves has found the heart of God, for God is love, and all who dwell in love dwell in Him."
ai,love,Proverbs of the Harvest 4:10,"As the vine bears fruit through love, so shall your life bear much fruit when you abide in the love of the Lord."
ai,love,Proverbs of the Heart 6:7,"Where love abounds, there is peace, and where the heart is full of love, the Lord dwells richly."
ai,love,Psalms of the Faithful 11:3,"In love, there is no fear, for perfect love casts out all fear, and those who trust in love shall be at peace."
ai,love,Psalms of the Redeemed 3:4,"As the sun shines upon the earth, so does the love of God shine upon His people, warming even the coldest heart."
ai,love,Scrolls of Compassion 1:15,"Let love be your anchor, and kindness your sail, for by these, you shall find your way to the Lord’s harbor."
ai,love,Scrolls of Light 9:6,"The love of the righteous is like a flame that burns bright in the darkness, guiding the lost to the warmth of the Lord."
ai,love,Scrolls of Wisdom 9:14,"Let your love be sincere, without pretense, for the Lord looks upon the heart and rewards those who love in truth."
ai,love,Songs of the Redeemed 5:5,"The love of the Lord is steadfast, reaching from generation to generation, to all who fear His name."
ai,love,Songs of the Redeemer 7:8,"The love of God is a shield for the broken and a refuge for the weary, for in His love, we are made whole."
ai,love,Teachings of the Master 10:2,"Love one another as I have loved you, for in this, the world shall know that you are My disciples."
ai,love,Teachings of the Righteous 12:4,"Love your enemies, and pray for those who wrong you, for this is the way of the Lord’s perfect love."
ai,love,Testament of Grace 7:12,"No greater love has been shown than this: that one would lay down his life for his friends, and this the Lord has done for all."
ai,love,Wisdom of the Ages 3:10,"Love is the greatest of all, for it covers a multitude of sins and binds the heart to the Father."
ai,love,Wisdom of the Beloved 5:13,"Let love be the root of all your deeds, for the fruit of love is eternal, and its reward never fades."
ai,miracles,Acts of the Light 9:3,"With a word, He cast out demons, and the afflicted were restored to peace, for His authority was over all things."
ai,miracles,Acts of the Messiah 4:2,"As the waves raged, He spoke, ‘Peace, be still,’ and the sea was calmed by His command."
ai,miracles,Chronicles of the Chosen 7:5,"In the wilderness, He fed the multitude with but a few loaves and fish, and all ate until they were filled."
ai,miracles,Chronicles of the Kingdom 3:10,"At the wedding, He turned water into wine, and the joy of the feast was restored, for He revealed His glory in their midst."
ai,miracles,Chronicles of the Power 8:9,"When He commanded the evil spirits to depart, they fled at once, for His name was a terror to them."
ai,miracles,Gospel of the Beloved 6:9,"And with a touch of His hand, the blind saw, and the people marveled at the power of God made manifest."
ai,miracles,Gospel of the Healer 2:9,"The blind man said, ‘I once was blind, but now I see,’ for the touch of Jesus opened his eyes."
ai,miracles,Letters to the Lost 4:7,And the woman who had suffered for twelve years touched the hem of His garment and was healed by her faith.
ai,miracles,Parables of the Miracle Worker 4:3,"He broke the bread, and as He gave thanks, it multiplied in His hands, feeding thousands with what was little."
ai,miracles,Prophecies of the Anointed One 11:2,"By His voice, the dead were raised, for even the grave could not hold those called by the Son of Man."
ai,miracles,Psalms of the Redeemed 10:6,"At His command, the storm ceased, and the winds obeyed, for the Creator of all things held dominion over nature."
ai,miracles,Sayings of the Christ 9:8,"When the nobleman’s son lay dying, Jesus spoke, and at that very hour, life was restored, though He was far away."
ai,miracles,Scrolls of the Anointed 5:14,"He cleansed the ten lepers, and only one returned to give thanks, showing the heart of gratitude amidst divine mercy."
ai,miracles,Scrolls of the Lamb 8:4,"When He touched the leper, his skin was made whole, and the crowds were astonished at the mercy shown to the outcast."
ai,miracles,Testament of Miracles 6:2,"The deaf heard and the mute spoke, for no infirmity was beyond the healing touch of the Lord."
ai,miracles,Testimonies of the Multitudes 5:13,"The sick touched Him, and power went forth from Him, healing all who came in faith, for the Lord’s mercy was endless."
ai,miracles,Testimonies of the Redeemer 3:11,"The lame man walked at His word, and the people glorified the Lord, for never had such things been seen."
ai,miracles,Visions of the Savior 7:12,"And when He walked upon the water, His disciples were filled with awe, for even the elements obeyed His will."
ai,miracles,Wisdom of the Way 5:6,"He healed the centurion’s servant from afar, for His power knew no bounds, and His word was enough."
ai,miracles,Words of the Servant 3:11,"And they brought unto Him the sick and the dying, and He healed them all, for His compassion knew no bounds."
ai,obedience,Book of Guidance 4:3,"Obey the Lord with a willing heart, and He will direct your steps and fulfill His purposes in your life."
ai,obedience,Book of Illumination 5:2,Obedience to God’s Word brings peace to the soul and light to the path of those who follow His commands.
ai,obedience,Book of Reward 7:6,"The Lord rewards those who walk in obedience, giving them peace and prosperity beyond measure."
ai,obedience,Book of Transformation 5:10,"Obedience is the fruit of a heart transformed by the grace of God, producing deeds of righteousness and love."
ai,obedience,Chronicles of Grace 6:4,"Obedience is the pathway to divine favor, leading the obedient to greater wisdom and understanding."
ai,obedience,Chronicles of Harmony 3:11,"Obedience to God brings harmony and unity to the soul, aligning it with the divine purpose and grace."
ai,obedience,Chronicles of Wisdom 2:7,The wise are those who hear the Word of God and obey it; their lives are built on a foundation that will not falter.
ai,obedience,Proverbs of Joy 6:7,"The path of obedience may be narrow, but it leads to the fullness of joy and the peace that surpasses understanding."
ai,obedience,Proverbs of Love 5:5,"Obedience to God’s laws is a reflection of love for Him, showing that His Word dwells richly in the heart."
ai,obedience,Proverbs of the Faithful 3:6,"Obedience to the Lord is the path to righteousness, guiding the heart to walk in His ways and truth."
ai,obedience,Psalms of Abundance 2:4,The Lord’s commands are not burdensome; they are a guide to a fulfilling and abundant life of obedience.
ai,obedience,Psalms of Blessing 4:12,The blessings of the Lord are upon those who obey His commands and keep His statutes with a pure heart.
ai,obedience,Psalms of Deliverance 5:8,"In times of trial, obedience is the key that unlocks the door to God’s deliverance and salvation."
ai,obedience,Psalms of Favor 7:3,"He who walks in obedience shall find favor with the Lord, and His blessings will overflow in his life."
ai,obedience,Scrolls of Abundance 3:8,"A heart that obeys the Lord is like a tree planted by streams of water, bearing fruit in its season."
ai,obedience,Scrolls of Devotion 4:11,"The Lord delights in a heart that obeys His commands, for obedience is better than sacrifice."
ai,obedience,Scrolls of Faithfulness 9:2,A life of obedience to God’s will is a testament to His faithfulness and a witness to His power.
ai,obedience,Testaments of Courage 6:9,"In obedience, the faithful find strength and courage, for the Lord stands with those who follow His ways."
ai,obedience,Testaments of Light 7:9,Those who obey the Lord’s commands walk in His light and are shielded from the darkness that surrounds.
ai,obedience,Testaments of Stability 2:10,"The faithful who obey God’s commandments shall not be moved, for their foundation is built on His promises."
ai,parables,Gospel of the Redeemed 5:12,"And He spoke unto them in parables, saying, ‘The kingdom of heaven is like a field sown with good seed, where the faithful reap in joy.’"
ai,parables,Gospel of the Teacher 3:9,"He likened the kingdom of God to a net cast into the sea, gathering fish of every kind, for all are called to His light."
ai,parables,Letters to the Nations 8:11,"The parables are a mirror to the soul, reflecting the light of heaven to those who seek wisdom."
ai,parables,Parables of the Redeemer 7:4,"The unjust steward was wise in his dealings, but the children of light must be wiser still in the ways of their Father."
ai,parables,Prophecies of the Anointed One 5:7,"As the lost sheep is sought by the shepherd, so does the Son seek the lost, for He delights in their return."
ai,parables,Proverbs of the Master 7:5,"As the vineyard was entrusted to the workers, so too has the Father entrusted the earth to those who serve with faith."
ai,parables,Psalms of the Shepherd 9:4,"Jesus taught them in stories, for He knew the heart of man would understand the mysteries of heaven through simple things."
ai,parables,Sayings of the Christ 2:6,"The wise man builds his house on the rock, said the Lord, for the foundation of faith shall never be shaken."
ai,parables,Scrolls of Judgment 3:14,"The wheat and the tares grow together, said He, until the harvest, when the righteous shall be gathered and the wicked cast away."
ai,parables,Testimonies of the Disciples 3:14,"He said, ‘The kingdom of heaven is like a mustard seed, which though small, grows into the mightiest of trees.’"
ai,parables,Visions of the Kingdom 4:5,"Through the parables, the Lord revealed the mysteries of the kingdom, that the meek and humble might understand."
ai,parables,Wisdom of the Lamb 2:9,"As the sower casts seed upon the soil, so did Jesus speak His parables, planting truth in the hearts of those who would hear."
ai,patience,Book of Endurance 4:8,"In patience, the faithful find strength; their endurance is a testament to their trust in the Lord’s timing."
ai,patience,Book of Fruitfulness 5:11,"The patient soul is like a tree planted by water, bearing fruit in its season, even in times of drought."
ai,patience,Book of Growth 5:10,"In the garden of patience, the seeds of faith are sown, and in time, they yield the fruits of righteousness."
ai,patience,Book of Reward 3:7,"The Lord honors the patient heart, rewarding those who persevere with blessings and a strengthened spirit."
ai,patience,Book of Trust 4:9,"In patience, we learn to trust; through trust, we experience the fullness of God’s grace and peace."
ai,patience,Chronicles of Deliverance 3:12,Patience leads to wisdom; those who wait on the Lord shall see His deliverance and rejoice in His salvation.
ai,patience,Chronicles of Hope 2:6,Patience is the companion of hope; it sustains the heart while it waits for the fulfillment of God’s promises.
ai,patience,Chronicles of Hope 5:8,"Patience in the face of trials is a reflection of divine love, bringing forth character and hope in the believer."
ai,patience,Chronicles of Wisdom 2:9,Patience is a crown for the wise; it transforms trials into triumphs and brings peace to the soul.
ai,patience,Proverbs of Mercy 4:11,"To be patient is to be like the Lord, who is slow to anger and rich in mercy toward His people."
ai,patience,Proverbs of Patience 3:5,"Patience is a virtue of the righteous; through it, they await the Lord’s promises with steadfast hope."
ai,patience,Psalms of Blessing 5:6,"The Lord blesses those who are patient, for in their waiting, they find the fulfillment of His perfect will."
ai,patience,Psalms of Growth 7:2,"The faithful who exhibit patience are like a well-watered garden, thriving under the care of the Lord."
ai,patience,Psalms of Peace 6:4,"In the trials of life, patience is the key to peace; it allows the soul to rest in God’s unchanging love."
ai,patience,Psalms of Trust 4:7,The Lord’s patience is boundless; He teaches His children to wait upon Him with a heart full of trust.
ai,patience,Scrolls of Faith 6:2,Patience is a sign of deep faith; it reflects a heart that rests in God’s promises and His perfect timing.
ai,patience,Scrolls of Refinement 7:9,"Through patience, the believer’s faith is tested and refined, producing a heart that trusts fully in the Lord’s will."
ai,patience,Testaments of Growth 4:6,Patience is a virtue that prepares the heart to receive God’s blessings; it transforms waiting into a time of growth.
ai,patience,Testaments of Strength 7:3,"The steadfast heart, patient in adversity, is like a fortress, unshaken by the winds of trouble."
ai,patience,Testaments of Timing 6:5,"The patient heart endures through trials, knowing that God’s timing is always right and His plans are good."
ai,power of god,Book of Balance 6:7,"With divine strength, God sustains the universe and upholds justice, His power is both gentle and fierce."
ai,power of god,Book of Protection 4:7,"The power of God is a fortress, shielding those who trust in Him from the assaults of the enemy."
ai,power of god,Book of Security 5:6,"God’s power is a shield and a refuge, protecting the faithful from the snares and traps set by the wicked."
ai,power of god,Chronicles of Abundance 3:9,"The strength of the Lord is a river of life, flowing with miracles and blessings for those who believe."
ai,power of god,Chronicles of the Almighty 7:4,"By the power of His hand, the mountains tremble, and the nations are brought to their knees before the Lord."
ai,power of god,Chronicles of the Cosmos 1:10,"God’s power is revealed in His creation, in the changing seasons, and in the stars that declare His glory."
ai,power of god,Proverbs of Assurance 5:2,"The power of the Lord is eternal, unchanging, and steadfast; His promises are as sure as His strength."
ai,power of god,Proverbs of Liberation 2:8,"In the power of the Lord, the lame walk, the blind see, and the captives are set free."
ai,power of god,Proverbs of Strength 6:3,"No force can stand against the power of God; His might is supreme, and His dominion is everlasting."
ai,power of god,Psalms of Light 4:5,"The power of God is a beacon in the darkness, guiding those who are lost and showing them the path of righteousness."
ai,power of god,Psalms of Majesty 3:6,"The power of the Lord is like thunder from the heavens, shaking the earth and commanding the seas."
ai,power of god,Psalms of Renewal 7:2,"The Lord’s power is like a mighty wind, blowing through the valleys and lifting up those who are bowed down."
ai,power of god,Psalms of the Storm 2:8,"With a whisper, the Lord can calm the storm and with a word, He can create peace in the midst of chaos."
ai,power of god,Scrolls of Creation 1:9,"God’s power is unending and immeasurable; He speaks, and the universe is created, His word holds all things together."
ai,power of god,Scrolls of Grace 7:8,"In every trial, the power of God is present; His strength is made perfect in our weakness, and His grace is sufficient."
ai,power of god,Scrolls of the Divine 3:11,The power of God is the source of all creation; from the smallest seed to the vast expanse of the universe.
ai,power of god,Scrolls of Wonders 8:5,God’s power raises the dead and gives life to the lifeless; nothing is too hard for the Lord.
ai,power of god,Testaments of Deliverance 6:14,"By His power, the Lord parts the seas and makes a way where there is no way, guiding His people with miracles."
ai,power of god,Testaments of Freedom 9:3,"By His mighty power, the Lord delivers the oppressed and breaks the chains of the bound, setting them free."
ai,power of god,Testaments of Healing 5:12,"The Lord’s power heals the brokenhearted and binds up their wounds, His strength is made perfect in weakness."
ai,salvation,Acts of the Savior 10:5,"He has set the captives free, and the chains of sin are broken by the power of His word."
ai,salvation,Book of Deliverance 3:16,"The light of salvation shines brightest in the darkest of hearts, for none are beyond the reach of His grace."
ai,salvation,Book of the Shepherd 9:3,"He calls to the weary and the lost, ‘Come unto Me, and I will give you rest, for My yoke is light.’"
ai,salvation,Chronicles of Mercy 4:12,"To the sinner who repents, there is forgiveness, and to the lost who seek, there is salvation in His name."
ai,salvation,Chronicles of the Forgiven 6:14,"Though our sins be as scarlet, they shall be made white as snow, for in Him is found forgiveness and peace."
ai,salvation,Chronicles of the Redeemed 11:6,"He has called the broken to be made whole, and the lost to be found, for His mercy knows no end."
ai,salvation,Gospel of Grace 1:12,"The Son has come to seek and save the lost, that all who believe in Him may have life eternal."
ai,salvation,Letters to the Faithful 2:8,"The righteous are saved not by their works, but by the grace of the Almighty, who shows mercy to all who believe."
ai,salvation,Parables of the Living Water 5:9,"No one who comes to the well of salvation shall leave thirsty, for the water He gives springs unto eternal life."
ai,salvation,Parables of the Shepherd 6:10,"As the shepherd seeks the lost sheep, so does the Lord seek those who stray, and with joy, He carries them home."
ai,salvation,Psalms of Redemption 8:4,"In the day of trial, He shall be a shield to the humble, and a refuge to those who trust in His name."
ai,salvation,Psalms of the Saved 7:5,"Blessed are those who trust in the Lord, for they shall be saved from the pit and lifted into His everlasting arms."
ai,salvation,Sayings of the Savior 8:7,"The Lord’s mercy is like a river, flowing to all who thirst, and His grace like rain upon the parched land of the heart."
ai,salvation,Scrolls of Hope 12:3,"The Lord is the light of salvation, and none who walk in His ways shall stumble, for His hand shall guide them."
ai,salvation,Scrolls of the Redeemed 7:9,"He who calls upon the name of the Lord shall be saved, and none who trust in Him shall be put to shame."
ai,salvation,Testament of Surrender 9:2,"The path to salvation is found in surrender, for it is in giving our lives to Him that we are truly saved."
ai,salvation,Testament of the Lamb 5:2,"By His blood, we are cleansed, and through His love, we are redeemed, for He has paid the price for all."
ai,salvation,Testimonies of the Redeemer 4:7,"Salvation is a gift, freely given, for none can earn what the Lord gives to those who seek Him with a pure heart."
ai,salvation,Wisdom of the Ages 2:11,"Through faith, we are justified, and through love, we are restored, for the gift of salvation is offered to all."
ai,salvation,Wisdom of the Ages 4:12,"For the gate is narrow, but those who walk in faith shall find life everlasting."
ai,suffering,Book of Deliverance 4:7,"Though the night of suffering is long, the dawn of joy will surely come for those who trust in the Lord."
ai,suffering,Book of the Pilgrims 2:11,"The sufferings of this world are momentary, but the glory of the Lord is eternal for those who endure with faith."
ai,suffering,Chronicles of Hope 2:10,"Blessed are those who endure suffering with patience, for they shall see the goodness of the Lord in the land of the living."
ai,suffering,Chronicles of the Redeemed 4:3,"The Lord has not abandoned you in your suffering, but is with you, shaping your heart for greater things."
ai,suffering,Letters of Hope 5:2,"Even in the midst of great suffering, the love of the Lord remains, and His compassion will carry you through."
ai,suffering,Letters of the Afflicted 4:5,"The righteous suffer, but their hope remains in the Lord, and He will restore them in due time."
ai,suffering,Proverbs of Endurance 3:4,"Let suffering be a teacher, for through it, you will gain wisdom and a deeper understanding of the Lord's purpose."
ai,suffering,Proverbs of Patience 6:13,"Even in the depths of suffering, the Lord's hand is not far, and He will lift you up when the time is right."
ai,suffering,Proverbs of the Enduring 1:9,"Suffering for a time brings forth perseverance, and perseverance leads to a faith that cannot be shaken."
ai,suffering,Psalms of Comfort 5:3,"Though you walk through the valley of suffering, know that the Lord walks beside you, guiding your every step."
ai,suffering,Psalms of the Promised 8:4,"Though suffering may be heavy, it cannot compare to the weight of glory that the Lord has prepared for His children."
ai,suffering,Psalms of the Weary 3:6,"In your suffering, cry out to the Lord, and He will hear your voice, delivering you from all your afflictions."
ai,suffering,Scrolls of Encouragement 6:11,"Do not be discouraged by your suffering, for the Lord strengthens the heart that clings to Him in times of trouble."
ai,suffering,Scrolls of Mercy 7:12,"Suffering shall not last forever, for the Lord will wipe away every tear and heal the brokenhearted."
ai,suffering,Scrolls of the Saints 3:10,"Endure suffering with a steadfast heart, for the Lord uses trials to purify and strengthen those He loves."
ai,suffering,Testaments of the Beloved 9:7,"Let suffering draw you closer to the Lord, for in His presence, you will find peace amidst the storm."
ai,suffering,Testaments of the Purified 8:9,"In the furnace of affliction, the faithful are refined like gold, and their hearts grow stronger in the Lord."
ai,suffering,Testimonies of the Faithful 9:5,"The righteous may suffer, but their pain is not in vain, for the Lord will turn their sorrow into joy."
ai,suffering,Wisdom of the Righteous 7:14,"Though suffering may cloud your vision, trust in the Lord, for He is working all things together for your good."
ai,suffering,Wisdom of the Wise 1:12,"In suffering, seek the Lord with all your heart, for He is your refuge and strength, an ever-present help in trouble."
ai,wisdom & folly,Book of the Just 2:12,"The fool speaks many words, yet gains no understanding; the wise speak few, yet their words are precious."
ai,wisdom & folly,Book of the Pilgrim 3:10,"Folly’s road is wide and filled with laughter, but wisdom walks a narrow path with purpose."
ai,wisdom & folly,Chronicles of Humility 5:3,"The wise man listens in silence and learns, but the fool speaks loudly and gains nothing."
ai,wisdom & folly,Chronicles of the Humble 2:9,"A wise heart seeks the knowledge of the Lord, but a fool scorns instruction and wanders aimlessly."
ai,wisdom & folly,Chronicles of the Wise 1:4,"Wisdom builds her house with care, but folly tears it down with reckless hands."
ai,wisdom & folly,Letters of the Learned 7:8,"Wisdom is a crown to the humble, but folly is a burden to the proud."
ai,wisdom & folly,Proverbs of Deliverance 2:5,"The fool despises wisdom’s rebuke and walks into the fire, but the wise take heed and turn away from danger."
ai,wisdom & folly,Proverbs of Insight 6:3,"A fool trusts in his own sight, but the wise seek counsel from the Lord and find their way."
ai,wisdom & folly,Proverbs of Reflection 3:7,"The wise grow in understanding with each day, but the fool learns nothing, even from his failures."
ai,wisdom & folly,Proverbs of Understanding 3:2,"The wise listen to counsel and walk in truth, but the fool closes his ears and stumbles into ruin."
ai,wisdom & folly,Psalms of Prosperity 6:2,"Wisdom’s reward is peace and prosperity, but folly’s wages are strife and sorrow."
ai,wisdom & folly,Psalms of the Discerning 5:6,"Folly dances in the streets, inviting all to join, but wisdom sits at the gates, waiting for those who seek her."
ai,wisdom & folly,Psalms of the Prudent 9:4,"A wise man stores up knowledge for the future, but the fool spends his days in ignorance and regret."
ai,wisdom & folly,Scrolls of Caution 9:10,"Folly promises ease and pleasure, but her end is bitter, and her path leads to destruction."
ai,wisdom & folly,Scrolls of the Discerning 4:9,"Folly laughs at the rebuke of the wise, but wisdom delights in correction and grows stronger."
ai,wisdom & folly,Scrolls of the Path 4:8,"Wisdom guides the righteous on the path of life, but folly entices the wicked to destruction."
ai,wisdom & folly,Testaments of the Meek 8:4,"Folly basks in the light of pride, but wisdom finds her joy in humility."
ai,wisdom & folly,Testaments of Wisdom 4:11,"The wise consider their steps, but the fool rushes forward without thought and falls into the pit."
ai,wisdom & folly,Wisdom of the Ages 7:5,"A heart filled with wisdom is a treasure beyond gold, but folly leads to destruction and shame."
ai,wisdom & folly,Wisdom of the Steadfast 7:6,"The fool builds his house upon the sand, but the wise lay their foundation upon the rock of truth."
bible,abiding,1 John 2:27,"But the anointing that you received from him abides in you, and you have no need that anyone should teach you. But as his anointing teaches you about everything--and is true and is no lie, just as it has taught you--abide in him."
bible,abiding,1 John 2:6,whoever says he abides in him ought to walk in the same way in which he walked.
bible,abiding,1 John 3:24,"Whoever keeps his commandments abides in him, and he in them. And by this we know that he abides in us, by the Spirit whom he has given us."
bible,abiding,1 John 4:13,"By this we know that we abide in him and he in us, because he has given us of his Spirit."
bible,abiding,1 John 4:15,"Whoever confesses that Jesus is the Son of God, God abides in him, and he in God."
bible,abiding,1 John 4:16,"So we have come to know and to believe the love that God has for us. God is love, and whoever abides in love abides in God, and God abides in him."
bible,abiding,2 Corinthians 13:14,The grace of the Lord Jesus Christ and the love of God and the fellowship of the Holy Spirit be with you all.
bible,abiding,Colossians 3:3,"For you have died, and your life is hidden with Christ in God."
bible,abiding,Ephesians 3:17,"so that Christ may dwell in your hearts through faith--that you, being rooted and grounded in love,"
bible,abiding,Galatians 2:20,"I have been crucified with Christ. It is no longer I who live, but Christ who lives in me. And the life I now live in the flesh I live by faith in the Son of God, who loved me and gave himself for me."
bible,abiding,James 4:8,"Draw near to God, and he will draw near to you. Cleanse your hands, you sinners, and purify your hearts, you double-minded."
bible,abiding,John 14:23,"Jesus answered him, ""If anyone loves me, he will keep my word, and my Father will love him, and we will come to him and make our home with him."
bible,abiding,John 15:4,"Abide in me, and I in you. As the branch cannot bear fruit by itself, unless it abides in the vine, neither can you, unless you abide in me."
bible,abiding,John 15:5,"I am the vine; you are the branches. Whoever abides in me and I in him, he it is that bears much fruit, for apart from me you can do nothing."
bible,abiding,John 15:7,"If you abide in me, and my words abide in you, ask whatever you wish, and it will be done for you."
bible,abiding,John 15:9,"As the Father has loved me, so have I loved you. Abide in my love."
bible,abiding,John 17:21,"that they may all be one, just as you, Father, are in me, and I in you, that they also may be in us, so that the world may believe that you have sent me."
bible,abiding,John 6:56,"Whoever feeds on my flesh and drinks my blood abides in me, and I in him."
bible,abiding,John 8:31,"So Jesus said to the Jews who had believed in him, ""If you abide in my word, you are truly my disciples,"
bible,abiding,Romans 11:22,"Note then the kindness and the severity of God: severity toward those who have fallen, but God's kindness to you, provided you continue in his kindness. Otherwise you too will be cut off."
bible,faith,1 John 5:4,For everyone who has been born of God overcomes the world. And this is the victory that has overcome the world--our faith.
bible,faith,1 Peter 1:8-9,"Though you have not seen him, you love him. Though you do not now see him, you believe in him and rejoice with joy that is inexpressible and filled with glory, obtaining the outcome of your faith, the salvation of your souls."
bible,faith,2 Corinthians 5:7,"for we walk by faith, not by sight."
bible,faith,Acts 16:31,"And they said, ""Believe in the Lord Jesus, and you will be saved, you and your household."""
bible,faith,Ephesians 2:8-9,"For by grace you have been saved through faith. And this is not your own doing; it is the gift of God, not a result of works, so that no one may boast."
bible,faith,Galatians 2:20,"I have been crucified with Christ. It is no longer I who live, but Christ who lives in me. And the life I now live in the flesh I live by faith in the Son of God, who loved me and gave himself for me."
bible,faith,Galatians 3:11,"Now it is evident that no one is justified before God by the law, for ""The righteous shall live by faith."""
bible,faith,Hebrews 11:1,"Now faith is the assurance of things hoped for, the conviction of things not seen."
bible,faith,Hebrews 11:6,"And without faith it is impossible to please him, for whoever would draw near to God must believe that he exists and that he rewards those who seek him."
bible,faith,Hebrews 12:2,"looking to Jesus, the founder and perfecter of our faith, who for the joy that was set before him endured the cross, despising the shame, and is seated at the right hand of the throne of God."
bible,faith,James 1:6,"But let him ask in faith, with no doubting, for the one who doubts is like a wave of the sea that is driven and tossed by the wind."
bible,faith,James 2:19,You believe that God is one; you do well. Even the demons believe--and shudder!
bible,faith,John 3:16,"For God so loved the world, that he gave his only Son, that whoever believes in him should not perish but have eternal life."
bible,faith,Jude 1:3,"Beloved, although I was very eager to write to you about our common salvation, I found it necessary to write appealing to you to contend for the faith that was once for all delivered to the saints."
bible,faith,Luke 17:5,"The apostles said to the Lord, ""Increase our faith!"""
bible,faith,Mark 11:22-24,"And Jesus answered them, ""Have faith in God. Truly, I say to you, whoever says to this mountain, 'Be taken up and thrown into the sea,' and does not doubt in his heart, but believes that what he says will come to pass, it will be done for him. Therefore I tell you, whatever you ask in prayer, believe that you have received it, and it will be yours."
bible,faith,Matthew 17:20,"He said to them, ""Because of your little faith. For truly, I say to you, if you have faith like a grain of mustard seed, you will say to this mountain, 'Move from here to there,' and it will move, and nothing will be impossible for you."""
bible,faith,Romans 1:17,"For in it the righteousness of God is revealed from faith for faith, as it is written, ""The righteous shall live by faith."""
bible,faith,Romans 10:17,"So faith comes from hearing, and hearing through the word of Christ."
bible,faith,Romans 4:3,"For what does the Scripture say? ""Abraham believed God, and it was counted to him as righteousness."""
bible,holiness,1 Corinthians 1:2,"To the church of God that is in Corinth, to those sanctified in Christ Jesus, called to be saints together with all those who in every place call upon the name of our Lord Jesus Christ, both their Lord and ours:"
bible,holiness,1 John 3:3,And everyone who thus hopes in him purifies himself as he is pure.
bible,holiness,1 Peter 1:15-16,"but as he who called you is holy, you also be holy in all your conduct, since it is written, ""You shall be holy, for I am holy."""
bible,holiness,1 Thessalonians 4:7,"For God has not called us for impurity, but in holiness."
bible,holiness,1 Timothy 2:8,"I desire then that in every place the men should pray, lifting holy hands without anger or quarreling;"
bible,holiness,2 Corinthians 7:1,"Since we have these promises, beloved, let us cleanse ourselves from every defilement of body and spirit, bringing holiness to completion in the fear of God."
bible,holiness,Exodus 15:11,"Who is like you, O LORD, among the gods? Who is like you, majestic in holiness, awesome in glorious deeds, doing wonders?"
bible,holiness,Ezekiel 36:23,"And I will vindicate the holiness of my great name, which has been profaned among the nations, and which you have profaned among them. And the nations will know that I am the LORD, declares the Lord GOD, when through you I vindicate my holiness before their eyes."
bible,holiness,Hebrews 12:14,"Strive for peace with everyone, and for the holiness without which no one will see the Lord."
bible,holiness,Isaiah 35:8,"And a highway shall be there, and it shall be called the Way of Holiness; the unclean shall not pass over it. It shall belong to those who walk on the way; even if they are fools, they shall not go astray."
bible,holiness,Isaiah 6:3,"And one called to another and said: ""Holy, holy, holy is the LORD of hosts; the whole earth is full of his glory!"""
bible,holiness,James 4:8,"Draw near to God, and he will draw near to you. Cleanse your hands, you sinners, and purify your hearts, you double-minded."
bible,holiness,Leviticus 11:44,"For I am the LORD your God. Consecrate yourselves therefore, and be holy, for I am holy. You shall not defile yourselves with any swarming thing that crawls on the ground."
bible,holiness,Leviticus 19:2,"Speak to all the congregation of the people of Israel and say to them, You shall be holy, for I the LORD your God am holy."
bible,holiness,Matthew 5:48,"You therefore must be perfect, as your heavenly Father is perfect."
bible,holiness,Psalm 30:4,"Sing praises to the LORD, O you his saints, and give thanks to his holy name."
bible,holiness,Psalm 96:9,"Worship the LORD in the splendor of holiness; tremble before him, all the earth!"
bible,holiness,Revelation 15:4,"Who will not fear, O Lord, and glorify your name? For you alone are holy. All nations will come and worship you, for your righteous acts have been revealed."""
bible,holiness,Revelation 4:8,"And the four living creatures, each of them with six wings, are full of eyes all around and within, and day and night they never cease to say, ""Holy, holy, holy, is the Lord God Almighty, who was and is and is to come!"""
bible,holiness,Romans 12:1,"I appeal to you therefore, brothers, by the mercies of God, to present your bodies as a living sacrifice, holy and acceptable to God, which is your spiritual worship."
bible,hope,1 Corinthians 13:13,"So now faith, hope, and love abide, these three; but the greatest of these is love."
bible,hope,1 Peter 1:13,"Therefore, preparing your minds for action, and being sober-minded, set your hope fully on the grace that will be brought to you at the revelation of Jesus Christ."
bible,hope,1 Peter 1:3,"Blessed be the God and Father of our Lord Jesus Christ! According to his great mercy, he has caused us to be born again to a living hope through the resurrection of Jesus Christ from the dead,"
bible,hope,1 Thessalonians 1:3,remembering before our God and Father your work of faith and labor of love and steadfastness of hope in our Lord Jesus Christ.
bible,hope,Colossians 1:27,"To them God chose to make known how great among the Gentiles are the riches of the glory of this mystery, which is Christ in you, the hope of glory."
bible,hope,Hebrews 11:1,"Now faith is the assurance of things hoped for, the conviction of things not seen."
bible,hope,Hebrews 6:19,"We have this as a sure and steadfast anchor of the soul, a hope that enters into the inner place behind the curtain,"
bible,hope,Isaiah 40:31,but they who wait for the LORD shall renew their strength; they shall mount up with wings like eagles; they shall run and not be weary; they shall walk and not faint.
bible,hope,Jeremiah 29:11,"For I know the plans I have for you, declares the LORD, plans for wholeness and not for evil, to give you a future and a hope."
bible,hope,Lamentations 3:21-23,"But this I call to mind, and therefore I have hope: The steadfast love of the LORD never ceases; his mercies never come to an end; they are new every morning; great is your faithfulness."
bible,hope,Micah 7:7,"But as for me, I will look to the LORD; I will wait for the God of my salvation; my God will hear me."
bible,hope,Proverbs 23:18,"Surely there is a future, and your hope will not be cut off."
bible,hope,Psalm 130:5,"I wait for the LORD, my soul waits, and in his word I hope;"
bible,hope,Psalm 39:7,"And now, O Lord, for what do I wait? My hope is in you."
bible,hope,Psalm 62:5,"For God alone, O my soul, wait in silence, for my hope is from him."
bible,hope,Psalm 71:5,"For you, O Lord, are my hope, my trust, O LORD, from my youth."
bible,hope,Romans 15:13,"May the God of hope fill you with all joy and peace in believing, so that by the power of the Holy Spirit you may abound in hope."
bible,hope,Romans 5:5,"and hope does not put us to shame, because God's love has been poured into our hearts through the Holy Spirit who has been given to us."
bible,hope,Romans 8:24-25,"For in this hope we were saved. Now hope that is seen is not hope. For who hopes for what he sees? But if we hope for what we do not see, we wait for it with patience."
bible,hope,Titus 1:2,"in hope of eternal life, which God, who never lies, promised before the ages began"
bible,joy,1 Thessalonians 5:16,"Rejoice always,"
bible,joy,2 Corinthians 1:24,"Not that we lord it over your faith, but we work with you for your joy, for you stand firm in your faith."
bible,joy,Acts 13:52,And the disciples were filled with joy and with the Holy Spirit.
bible,joy,Galatians 5:22,"But the fruit of the Spirit is love, joy, peace, patience, kindness, goodness, faithfulness,"
bible,joy,Hebrews 12:2,"looking to Jesus, the founder and perfecter of our faith, who for the joy that was set before him endured the cross, despising the shame, and is seated at the right hand of the throne of God."
bible,joy,Isaiah 61:10,"I will greatly rejoice in the LORD; my soul shall exult in my God, for he has clothed me with the garments of salvation; he has covered me with the robe of righteousness, as a bridegroom decks himself like a priest with a beautiful headdress, and as a bride adorns herself with her jewels."
bible,joy,James 1:2,"Count it all joy, my brothers, when you meet trials of various kinds,"
bible,joy,John 15:11,"These things I have spoken to you, that my joy may be in you, and that your joy may be full."
bible,joy,Luke 10:20,"Nevertheless, do not rejoice in this, that the spirits are subject to you, but rejoice that your names are written in heaven."""
bible,joy,Matthew 5:12,"Rejoice and be glad, for your reward is great in heaven, for so they persecuted the prophets who were before you."
bible,joy,Nehemiah 8:10,"Then he said to them, ""Go your way. Eat the fat and drink sweet wine and send portions to anyone who has nothing ready, for this day is holy to our Lord. And do not be grieved, for the joy of the LORD is your strength."""
bible,joy,Philippians 4:4,"Rejoice in the Lord always; again I will say, Rejoice."
bible,joy,Proverbs 10:28,"The hope of the righteous brings joy, but the expectation of the wicked will perish."
bible,joy,Psalm 126:5-6,"Those who sow in tears shall reap with shouts of joy! He who goes out weeping, bearing the seed for sowing, shall come home with shouts of joy, bringing his sheaves with him."
bible,joy,Psalm 16:11,You make known to me the path of life; in your presence there is fullness of joy; at your right hand are pleasures forevermore.
bible,joy,Psalm 30:5,"For his anger is but for a moment, and his favor is for a lifetime. Weeping may tarry for the night, but joy comes with the morning."
bible,joy,Psalm 51:12,"Restore to me the joy of your salvation, and uphold me with a willing spirit."
bible,joy,Psalm 97:11,"Light is sown for the righteous, and joy for the upright in heart."
bible,joy,Psalm 98:4,"Make a joyful noise to the LORD, all the earth; break forth into joyous song and sing praises!"
bible,joy,Romans 15:13,"May the God of hope fill you with all joy and peace in believing, so that by the power of the Holy Spirit you may abound in hope."
bible,judgment,2 Corinthians 5:10,"For we must all appear before the judgment seat of Christ, so that each one may receive what is due for what he has done in the body, whether good or evil."
bible,judgment,2 Peter 2:9,"then the Lord knows how to rescue the godly from trials, and to keep the unrighteous under punishment until the day of judgment,"
bible,judgment,Ezekiel 18:30,"Therefore I will judge you, O house of Israel, every one according to his ways, declares the Lord GOD. Repent and turn from all your transgressions, lest iniquity be your ruin."
bible,judgment,Ezekiel 33:20,"Yet you say, 'The way of the Lord is not just.' O house of Israel, I will judge each of you according to his ways."""
bible,judgment,Genesis 18:25,"Far be it from you to do such a thing, to put the righteous to death with the wicked, so that the righteous fare as the wicked! Far be that from you! Shall not the Judge of all the earth do what is just?"""
bible,judgment,Hebrews 9:27,"And just as it is appointed for man to die once, and after that comes judgment,"
bible,judgment,Isaiah 13:11,"I will punish the world for its evil, and the wicked for their iniquity; I will put an end to the pomp of the arrogant, and lay low the pompous pride of the ruthless."
bible,judgment,Isaiah 66:16,"For by fire will the LORD enter into judgment, and by his sword, with all flesh; and those slain by the LORD shall be many."
bible,judgment,Jeremiah 23:20,The anger of the LORD will not turn back until he has executed and accomplished the intents of his heart. In the latter days you will understand it clearly.
bible,judgment,Jeremiah 30:24,The fierce anger of the LORD will not turn back until he has executed and accomplished the intentions of his mind. In the latter days you will understand this.
bible,judgment,John 5:22,"The Father judges no one, but has given all judgment to the Son,"
bible,judgment,Matthew 12:36,"I tell you, on the day of judgment people will give account for every careless word they speak,"
bible,judgment,Matthew 25:31-32,"When the Son of Man comes in his glory, and all the angels with him, then he will sit on his glorious throne. Before him will be gathered all the nations, and he will separate people one from another as a shepherd separates the sheep from the goats."
bible,judgment,Psalm 9:7-8,"But the LORD sits enthroned forever; he has established his throne for justice, and he judges the world with righteousness; he judges the peoples with uprightness."
bible,judgment,Psalm 96:13,"before the LORD, for he comes, for he comes to judge the earth. He will judge the world in righteousness, and the peoples in his faithfulness."
bible,judgment,Revelation 20:12,"And I saw the dead, great and small, standing before the throne, and books were opened. Then another book was opened, which is the book of life. And the dead were judged by what was written in the books, according to what they had done."
bible,judgment,Revelation 20:15,"And if anyone's name was not found written in the book of life, he was thrown into the lake of fire."
bible,judgment,Revelation 21:8,"But as for the cowardly, the faithless, the detestable, as for murderers, the sexually immoral, sorcerers, idolaters, and all liars, their portion will be in the lake that burns with fire and sulfur, which is the second death."""
bible,judgment,Romans 14:10,"Why do you pass judgment on your brother? Or you, why do you despise your brother? For we will all stand before the judgment seat of God;"
bible,judgment,Romans 2:6,He will render to each one according to his works:
bible,love,1 Corinthians 13:13,"So now faith, hope, and love abide, these three; but the greatest of these is love."
bible,love,1 Corinthians 13:4-5,Love is patient and kind; love does not envy or boast; it is not arrogant or rude. It does not insist on its own way; it is not irritable or resentful;
bible,love,1 John 3:16,"By this we know love, that he laid down his life for us, and we ought to lay down our lives for the brothers."
bible,love,1 John 4:16,"So we have come to know and to believe the love that God has for us. God is love, and whoever abides in love abides in God, and God abides in him."
bible,love,1 John 4:18,"There is no fear in love, but perfect love casts out fear. For fear has to do with punishment, and whoever fears has not been perfected in love."
bible,love,1 John 4:21,And this commandment we have from him: whoever loves God must also love his brother.
bible,love,1 John 4:7,"Beloved, let us love one another, for love is from God, and whoever loves has been born of God and knows God."
bible,love,1 John 4:9-10,"In this the love of God was made manifest among us, that God sent his only Son into the world, so that we might live through him. In this is love, not that we have loved God but that he loved us and sent his Son to be the propitiation for our sins."
bible,love,1 Peter 4:8,"Above all, keep loving one another earnestly, since love covers a multitude of sins."
bible,love,Colossians 3:14,"And above all these put on love, which binds everything together in perfect harmony."
bible,love,Ephesians 5:2,"And walk in love, as Christ loved us and gave himself up for us, a fragrant offering and sacrifice to God."
bible,love,Galatians 5:22-23,"But the fruit of the Spirit is love, joy, peace, patience, kindness, goodness, faithfulness, gentleness, self-control; against such things there is no law."
bible,love,Hebrews 10:24,"And let us consider how to stir up one another to love and good works,"
bible,love,John 15:13,"Greater love has no one than this, that someone lays down his life for his friends."
bible,love,John 3:16,"For God so loved the world, that he gave his only Son, that whoever believes in him should not perish but have eternal life."
bible,love,Mark 12:30-31,"And you shall love the Lord your God with all your heart and with all your soul and with all your mind and with all your strength.' The second is this: 'You shall love your neighbor as yourself.' There is no other commandment greater than these."""
bible,love,Matthew 22:37-39,"And he said to him, ""You shall love the Lord your God with all your heart and with all your soul and with all your mind. This is the great and first commandment. And a second is like it: You shall love your neighbor as yourself."
bible,love,Proverbs 10:12,"Hatred stirs up strife, but love covers all offenses."
bible,love,Romans 13:10,Love does no wrong to a neighbor; therefore love is the fulfilling of the law.
bible,love,Romans 5:5,"and hope does not put us to shame, because God's love has been poured into our hearts through the Holy Spirit who has been given to us."
bible,miracles,Acts 2:22,"Men of Israel, hear these words: Jesus of Nazareth, a man attested to you by God with mighty works and wonders and signs that God did through him in your midst, as you yourselves know"
bible,miracles,John 11:39-40,"Jesus said, ""Take away the stone."" Martha, the sister of the dead man, said to him, ""Lord, by this time there will be an odor, for he has been dead four days."" Jesus said to her, ""Did I not tell you that if you believed you would see the glory of God?"""
bible,miracles,John 14:13,"Whatever you ask in my name, this I will do, that the Father may be glorified in the Son."
bible,miracles,John 2:1-2,"On the third day there was a wedding at Cana in Galilee, and the mother of Jesus was there. Jesus also was invited to the wedding with his disciples."
bible,miracles,John 4:50,"Jesus said to him, ""Go; your son will live."" The man believed the word that Jesus spoke to him and went on his way."
bible,miracles,John 6:10-11,"Jesus said, ""Have the people sit down."" Now there was much grass in the place. So the men sat down, about five thousand in number. Jesus then took the loaves, and when he had given thanks, he distributed them to those who were seated. So also the fish, as much as they wanted."
bible,miracles,John 9:6-7,"Having said these things, he spat on the ground and made mud with the saliva. Then he anointed the man's eyes with the mud and said to him, ""Go, wash in the pool of Siloam"" (which means Sent). So he went and washed and came back seeing."
bible,miracles,Luke 4:40,"Now when the sun was setting, all those who had any who were sick with various diseases brought them to him, and he laid his hands on every one of them and healed them."
bible,miracles,Luke 7:14-15,"Then he came up and touched the bier, and the bearers stood still. And he said, ""Young man, I say to you, arise."" And the dead man sat up and began to speak, and Jesus gave him to his mother."
bible,miracles,Luke 8:43-44,"And there was a woman who had had a discharge of blood for twelve years, and though she had spent all her living on physicians, she could not be healed by anyone. She came up behind him and touched the fringe of his garment, and immediately her discharge of blood ceased."
bible,miracles,Luke 9:16-17,"And taking the five loaves and the two fish, he looked up to heaven and said a blessing over them. Then he broke the loaves and gave them to the disciples to set before the crowd. And they all ate and were satisfied. And what was left over was picked up, twelve baskets of broken pieces."
bible,miracles,Mark 1:34,"And he healed many who were sick with various diseases, and cast out many demons. And he would not permit the demons to speak, because they knew him."
bible,miracles,Mark 5:41-42,"Taking her by the hand he said to her, ""Talitha cumi,"" which means, ""Little girl, I say to you, arise."" And immediately the girl got up and began walking (for she was twelve years of age), and they were immediately overcome with amazement."
bible,miracles,Mark 6:41-42,And taking the five loaves and the two fish he looked up to heaven and said a blessing and broke the loaves and gave them to the disciples to set before the people. And he divided the two fish among them all. And they all ate and were satisfied.
bible,miracles,Mark 7:35,"And his ears were opened, his tongue was released, and he spoke plainly."
bible,miracles,Matthew 14:19-20,"Then he ordered the crowds to sit down on the grass, and taking the five loaves and the two fish, he looked up to heaven and said a blessing. Then he broke the loaves and gave them to the disciples, and the disciples gave them to the crowds. And they all ate and were satisfied. And they took up twelve baskets full of the broken pieces left over."
bible,miracles,Matthew 15:30,"And great crowds came to him, bringing with them the lame, the blind, the crippled, the mute, and many others, and they put them at his feet, and he healed them,"
bible,miracles,Matthew 4:24,"So his fame spread throughout all Syria, and they brought him all the sick, those afflicted with various diseases and pains, those oppressed by demons, epileptics, and paralytics, and he healed them."
bible,miracles,Matthew 8:3,"And Jesus stretched out his hand and touched him, saying, ""I will; be clean."" And immediately his leprosy was cleansed."
bible,miracles,Matthew 9:20-21,"And behold, a woman who had suffered from a discharge of blood for twelve years came up behind him and touched the fringe of his garment, for she said to herself, ""If I only touch his garment, I will be made well."""
bible,obedience,1 John 2:3-4,"And by this we know that we have come to know him, if we keep his commandments. Whoever says ""I know him"" but does not keep his commandments is a liar, and the truth is not in him,"
bible,obedience,1 John 5:3,"For this is the love of God, that we keep his commandments. And his commandments are not burdensome."
bible,obedience,1 Peter 1:14,"As obedient children, do not be conformed to the passions of your former ignorance,"
bible,obedience,1 Samuel 15:22,"And Samuel said, ""Has the LORD as great delight in burnt offerings and sacrifices, as in obeying the voice of the LORD? Behold, to obey is better than sacrifice, and to listen than the fat of rams."
bible,obedience,Acts 5:29,"But Peter and the apostles answered, ""We must obey God rather than men."
bible,obedience,Deuteronomy 28:1,"And if you faithfully obey the voice of the LORD your God, being careful to do all his commandments that I command you today, the LORD your God will set you high above all the nations of the earth."
bible,obedience,Deuteronomy 5:33,"You shall walk in all the way that the LORD your God has commanded you, that you may live, and that it may go well with you, and that you may live long in the land that you shall possess."
bible,obedience,Hebrews 5:8,"Although he was a son, he learned obedience through what he suffered."
bible,obedience,James 1:22,"But be doers of the word, and not hearers only, deceiving yourselves."
bible,obedience,John 14:15,"If you love me, you will keep my commandments."
bible,obedience,John 14:21,"Whoever has my commandments and keeps them, he it is who loves me. And he who loves me will be loved by my Father, and I will love him and manifest myself to him."""
bible,obedience,Joshua 1:8,"This Book of the Law shall not depart from your mouth, but you shall meditate on it day and night, so that you may be careful to do according to all that is written in it. For then you will make your way prosperous, and then you will have good success."
bible,obedience,Matthew 7:24,Everyone then who hears these words of mine and does them will be like a wise man who built his house on the rock.
bible,obedience,Philippians 2:8,"And being found in human form, he humbled himself by becoming obedient to the point of death, even death on a cross."
bible,obedience,Proverbs 3:1-2,"My son, do not forget my teaching, but let your heart keep my commandments, for length of days and years of life and peace they will add to you."
bible,obedience,Psalm 119:60,I hasten and do not delay to keep your commandments.
bible,obedience,Psalm 119:67,"Before I was afflicted I went astray, but now I keep your word."
bible,obedience,Revelation 14:12,"Here is a call for the endurance of the saints, those who keep the commandments of God and their faith in Jesus."
bible,obedience,Romans 16:26,"but has now been disclosed and through the prophetic writings has been made known to all nations, according to the command of the eternal God, to bring about the obedience of faith--"
bible,obedience,Romans 6:16,"Do you not know that if you present yourselves to anyone as obedient slaves, you are slaves of the one whom you obey, either of sin, which leads to death, or of obedience, which leads to righteousness?"
bible,parables,Luke 10:30,"Jesus replied, ""A man was going down from Jerusalem to Jericho, and he fell among robbers, who stripped him and beat him and departed, leaving him half dead."
bible,parables,Luke 14:7,"Now he told a parable to those who were invited, when he noticed how they chose the places of honor, saying to them,"
bible,parables,Luke 18:1,And he told them a parable to the effect that they ought always to pray and not lose heart.
bible,parables,Luke 8:10,"he said, ""To you it has been given to know the secrets of the kingdom of God, but for others they are in parables, so that 'seeing they may not see, and hearing they may not understand.'"
bible,parables,Mark 4:11,"And he said to them, ""To you has been given the secret of the kingdom of God, but for those outside everything is in parables,"
bible,parables,Mark 4:34,"He did not speak to them without a parable, but privately to his own disciples he explained everything."
bible,parables,Matthew 13:11,"And he answered them, ""To you it has been given to know the secrets of the kingdom of heaven, but to them it has not been given."
bible,parables,Matthew 13:31,"He put another parable before them, saying, ""The kingdom of heaven is like a grain of mustard seed that a man took and sowed in his field."
bible,parables,Matthew 13:33,"He told them another parable. ""The kingdom of heaven is like leaven that a woman took and hid in three measures of flour, till it was all leavened."""
bible,parables,Matthew 13:34,"All these things Jesus said to the crowds in parables; indeed, he said nothing to them without a parable."
bible,parables,Matthew 13:44,"The kingdom of heaven is like treasure hidden in a field, which a man found and covered up. Then in his joy he goes and sells all that he has and buys that field."
bible,parables,Matthew 21:28,"What do you think? A man had two sons. And he went to the first and said, 'Son, go and work in the vineyard today.'"
bible,patience,1 Corinthians 13:4,Love is patient and kind; love does not envy or boast; it is not arrogant
bible,patience,1 Thessalonians 5:14,"And we urge you, brothers, admonish the idle, encourage the fainthearted, help the weak, be patient with them all."
bible,patience,2 Peter 3:9,"The Lord is not slow to fulfill his promise as some count slowness, but is patient toward you, not wishing that any should perish, but that all should reach repentance."
bible,patience,Colossians 1:11,"May you be strengthened with all power, according to his glorious might, for all endurance and patience with joy,"
bible,patience,Ecclesiastes 7:8,"Better is the end of a thing than its beginning, and the patient in spirit is better than the proud in spirit."
bible,patience,Ephesians 4:2,"with all humility and gentleness, with patience, bearing with one another in love,"
bible,patience,Galatians 5:22,"But the fruit of the Spirit is love, joy, peace, patience, kindness, goodness, faithfulness,"
bible,patience,Hebrews 10:36,"For you have need of endurance, so that when you have done the will of God you may receive what is promised."
bible,patience,Hebrews 12:1,"Therefore, since we are surrounded by so great a cloud of witnesses, let us also lay aside every weight, and sin which clings so closely, and let us run with endurance the race that is set before us,"
bible,patience,James 1:3-4,"for you know that the testing of your faith produces steadfastness. And let steadfastness have its full effect, that you may be perfect and complete, lacking in nothing."
bible,patience,James 5:7-8,"Be patient, therefore, brothers, until the coming of the Lord. See how the farmer waits for the precious fruit of the earth, being patient about it, until it receives the early and the late rains. You also, be patient. Establish your hearts, for the coming of the Lord is at hand."
bible,patience,Luke 21:19,By your endurance you will gain your lives.
bible,patience,Proverbs 14:29,"Whoever is slow to anger has great understanding, but he who has a hasty temper exalts folly."
bible,patience,Proverbs 15:18,"A hot-tempered man stirs up strife, but he who is slow to anger quiets contention."
bible,patience,Psalm 27:14,"Wait for the LORD; be strong, and let your heart take courage; wait for the LORD!"
bible,patience,Psalm 37:7,"Be still before the LORD and wait patiently for him; fret not yourself over the one who prospers in his way, over the man who carries out evil devices!"
bible,patience,Revelation 14:12,"Here is a call for the endurance of the saints, those who keep the commandments of God and their faith in Jesus."
bible,patience,Romans 12:12,"Rejoice in hope, be patient in tribulation, be constant in prayer."
bible,patience,Romans 15:5,"May the God of endurance and encouragement grant you to live in such harmony with one another, in accord with Christ Jesus,"
bible,patience,Romans 8:25,"But if we hope for what we do not see, we wait for it with patience."
bible,power of god,1 Corinthians 1:18,"For the word of the cross is folly to those who are perishing, but to us who are being saved it is the power of God."
bible,power of god,1 Corinthians 2:5,that your faith might not rest in the wisdom of men but in the power of God.
bible,power of god,2 Timothy 1:7,for God gave us a spirit not of fear but of power and love and self-control.
bible,power of god,Acts 1:8,"But you will receive power when the Holy Spirit has come upon you, and you will be my witnesses in Jerusalem and in all Judea and Samaria, and to the end of the earth."""
bible,power of god,Acts 4:24,"And when they heard it, they lifted their voices together to God and said, ""Sovereign Lord, who made the heaven and the earth and the sea and everything in them,"
bible,power of god,Ephesians 1:19,"and what is the immeasurable greatness of his power toward us who believe, according to the working of his great might"
bible,power of god,Ephesians 6:10,"Finally, be strong in the Lord and in the strength of his might."
bible,power of god,Genesis 18:14,"Is anything too hard for the LORD? At the appointed time I will return to you about this time next year, and Sarah shall have a son."""
bible,power of god,Hebrews 1:3,"He is the radiance of the glory of God and the exact imprint of his nature, and he upholds the universe by the word of his power. After making purification for sins, he sat down at the right hand of the Majesty on high,"
bible,power of god,Isaiah 40:29,"He gives power to the faint, and to him who has no might he increases strength."
bible,power of god,Isaiah 43:13,"Also henceforth I am he; there is none who can deliver from my hand; I work, and who can turn it back?"""
bible,power of god,Job 26:14,"Behold, these are but the outskirts of his ways, and how small a whisper do we hear of him! But the thunder of his power who can understand?"""
bible,power of god,Luke 1:37,"For nothing will be impossible with God."""
bible,power of god,Matthew 19:26,"But Jesus looked at them and said, ""With man this is impossible, but with God all things are possible."""
bible,power of god,Philippians 3:21,"who will transform our lowly body to be like his glorious body, by the power that enables him even to subject all things to himself."
bible,power of god,Psalm 147:5,"Great is our Lord, and abundant in power; his understanding is beyond measure."
bible,power of god,Psalm 62:11,"Once God has spoken; twice have I heard this: that power belongs to God,"
bible,power of god,Revelation 19:6,"Then I heard what seemed to be the voice of a great multitude, like the roar of many waters and like the sound of mighty peals of thunder, crying out, ""Hallelujah! For the Lord our God the Almighty reigns."
bible,power of god,Romans 1:16,"For I am not ashamed of the gospel, for it is the power of God for salvation to everyone who believes, to the Jew first and also to the Greek."
bible,power of god,Romans 11:36,For from him and through him and to him are all things. To him be glory forever. Amen.
bible,salvation,1 John 5:11-12,"And this is the testimony, that God gave us eternal life, and this life is in his Son. Whoever has the Son has life; whoever does not have the Son of God does not have life."
bible,salvation,1 Peter 1:3,"Blessed be the God and Father of our Lord Jesus Christ! According to his great mercy, he has caused us to be born again to a living hope through the resurrection of Jesus Christ from the dead,"
bible,salvation,1 Thessalonians 5:9,"For God has not destined us for wrath, but to obtain salvation through our Lord Jesus Christ,"
bible,salvation,2 Timothy 1:9,"who saved us and called us to a holy calling, not because of our works but because of his own purpose and grace, which he gave us in Christ Jesus before the ages began,"
bible,salvation,Acts 16:31,"And they said, ""Believe in the Lord Jesus, and you will be saved, you and your household."""
bible,salvation,Acts 4:12,"And there is salvation in no one else, for there is no other name under heaven given among men by which we must be saved."""
bible,salvation,Ephesians 1:7,"In him we have redemption through his blood, the forgiveness of our trespasses, according to the riches of his grace,"
bible,salvation,Ephesians 2:8-9,"For by grace you have been saved through faith. And this is not your own doing; it is the gift of God, not a result of works, so that no one may boast."
bible,salvation,Hebrews 7:25,"Consequently, he is able to save to the uttermost those who draw near to God through him, since he always lives to make intercession for them."
bible,salvation,John 14:6,"Jesus said to him, ""I am the way, and the truth, and the life. No one comes to the Father except through me."
bible,salvation,John 3:16,"For God so loved the world, that he gave his only Son, that whoever believes in him should not perish but have eternal life."
bible,salvation,John 5:24,"Truly, truly, I say to you, whoever hears my word and believes him who sent me has eternal life. He does not come into judgment, but has passed from death to life."
bible,salvation,John 6:37,"All that the Father gives me will come to me, and whoever comes to me I will never cast out."
bible,salvation,Matthew 1:21,"She will bear a son, and you shall call his name Jesus, for he will save his people from their sins."""
bible,salvation,Revelation 3:20,"Behold, I stand at the door and knock. If anyone hears my voice and opens the door, I will come in to him and eat with him, and he with me."
bible,salvation,Romans 10:9,"because, if you confess with your mouth that Jesus is Lord and believe in your heart that God raised him from the dead, you will be saved."
bible,salvation,Romans 5:8,"but God shows his love for us in that while we were still sinners, Christ died for us."
bible,salvation,Romans 6:23,"For the wages of sin is death, but the free gift of God is eternal life in Christ Jesus our Lord."
bible,salvation,Romans 8:1,There is therefore now no condemnation for those who are in Christ Jesus.
bible,salvation,Titus 3:5,"he saved us, not because of works done by us in righteousness, but according to his own mercy, by the washing of regeneration and renewal of the Holy Spirit,"
bible,suffering,1 Peter 4:12-13,"Beloved, do not be surprised at the fiery trial when it comes upon you to test you, as though something strange were happening to you. But rejoice insofar as you share Christ's sufferings, that you may also rejoice and be glad when his glory is revealed."
bible,suffering,1 Peter 5:10,"And after you have suffered a little while, the God of all grace, who has called you to his eternal glory in Christ, will himself restore, confirm, strengthen, and establish you."
bible,suffering,1 Thessalonians 3:3,that no one be moved by these afflictions. For you yourselves know that we are destined for this.
bible,suffering,2 Corinthians 1:3-4,"Blessed be the God and Father of our Lord Jesus Christ, the Father of mercies and God of all comfort, who comforts us in all our affliction, so that we may be able to comfort those who are in any affliction, with the comfort with which we ourselves are comforted by God."
bible,suffering,2 Corinthians 12:9,"But he said to me, ""My grace is sufficient for you, for my power is made perfect in weakness."" Therefore I will boast all the more gladly of my weaknesses, so that the power of Christ may rest upon me."
bible,suffering,2 Corinthians 4:17,"For this slight momentary affliction is preparing for us an eternal weight of glory beyond all comparison,"
bible,suffering,2 Timothy 2:12,"if we endure, we will also reign with him; if we deny him, he also will deny us;"
bible,suffering,Hebrews 12:11,"For the moment all discipline seems painful rather than pleasant, but later it yields the peaceful fruit of righteousness to those who have been trained by it."
bible,suffering,Isaiah 43:2,"When you pass through the waters, I will be with you; and through the rivers, they shall not overwhelm you; when you walk through fire you shall not be burned, and the flame shall not consume you."
bible,suffering,James 1:2-3,"Count it all joy, my brothers, when you meet trials of various kinds, for you know that the testing of your faith produces steadfastness."
bible,suffering,Job 30:20,"I cry to you for help and you do not answer me; I stand, and you only look at me."
bible,suffering,Job 5:11,"he sets on high those who are lowly, and those who mourn are lifted to safety."
bible,suffering,John 16:33,"I have said these things to you, that in me you may have peace. In the world you will have tribulation. But take heart; I have overcome the world."""
bible,suffering,Matthew 5:10-12,"Blessed are those who are persecuted for righteousness' sake, for theirs is the kingdom of heaven. Blessed are you when others revile you and persecute you and utter all kinds of evil against you falsely on my account. Rejoice and be glad, for your reward is great in heaven, for so they persecuted the prophets who were before you."
bible,suffering,Philippians 1:29,"For it has been granted to you that for the sake of Christ you should not only believe in him but also suffer for his sake,"
bible,suffering,Psalm 119:71,"It is good for me that I was afflicted, that I might learn your statutes."
bible,suffering,Psalm 34:19,"Many are the afflictions of the righteous, but the LORD delivers him out of them all."
bible,suffering,Revelation 2:10,"Do not fear what you are about to suffer. Behold, the devil is about to throw some of you into prison, that you may be tested, and for ten days you will have tribulation. Be faithful unto death, and I will give you the crown of life."
bible,suffering,Romans 5:3-4,"More than that, we rejoice in our sufferings, knowing that suffering produces endurance, and endurance produces character, and character produces hope,"
bible,suffering,Romans 8:18,For I consider that the sufferings of this present time are not worth comparing with the glory that is to be revealed to us.
bible,wisdom & folly,1 Corinthians 1:25,"For the foolishness of God is wiser than men, and the weakness of God is stronger than men."
bible,wisdom & folly,1 Corinthians 3:19,"For the wisdom of this world is folly with God. For it is written, ""He catches the wise in their craftiness,"""
bible,wisdom & folly,Ecclesiastes 2:14,"The wise person has his eyes in his head, but the fool walks in darkness. And yet I perceived that the same event happens to all of them."
bible,wisdom & folly,Ecclesiastes 7:12,"For the protection of wisdom is like the protection of money, and the advantage of knowledge is that wisdom preserves the life of him who has it."
bible,wisdom & folly,James 1:5,"If any of you lacks wisdom, let him ask God, who gives generously to all without reproach, and it will be given him."
bible,wisdom & folly,James 3:13,Who is wise and understanding among you? By his good conduct let him show his works in the meekness of wisdom.
bible,wisdom & folly,Matthew 7:24-25,"Everyone then who hears these words of mine and does them will be like a wise man who built his house on the rock. And the rain fell, and the floods came, and the winds blew and beat on that house, but it did not fall, because it had been founded on the rock."
bible,wisdom & folly,Proverbs 1:7,The fear of the LORD is the beginning of knowledge; fools despise wisdom and instruction.
bible,wisdom & folly,Proverbs 10:8,"The wise of heart will receive commandments, but a babbling fool will come to ruin."
bible,wisdom & folly,Proverbs 11:2,"When pride comes, then comes disgrace, but with the humble is wisdom."
bible,wisdom & folly,Proverbs 12:15,"The way of a fool is right in his own eyes, but a wise man listens to advice."
bible,wisdom & folly,Proverbs 13:10,"By insolence comes nothing but strife, but with those who take advice is wisdom."
bible,wisdom & folly,Proverbs 14:12,"There is a way that seems right to a man, but its end is the way to death."
bible,wisdom & folly,Proverbs 15:33,"The fear of the LORD is instruction in wisdom, and humility comes before honor."
bible,wisdom & folly,Proverbs 16:16,How much better to get wisdom than gold! To get understanding is to be chosen rather than silver.
bible,wisdom & folly,Proverbs 17:24,"The discerning sets his face toward wisdom, but the eyes of a fool are on the ends of the earth."
bible,wisdom & folly,Proverbs 18:2,"A fool takes no pleasure in understanding, but only in expressing his opinion."
bible,wisdom & folly,Proverbs 3:5-6,"Trust in the LORD with all your heart, and do not lean on your own understanding. In all your ways acknowledge him, and he will make straight your paths."
bible,wisdom & folly,Proverbs 4:7,"The beginning of wisdom is this: Get wisdom, and whatever you get, get insight."
bible,wisdom & folly,Proverbs 9:10,"The fear of the LORD is the beginning of wisdom, and the knowledge of the Holy One is insight."
